Workbook

Sheet Summary
A1: Group 4 — Romanized / Code-mixed Robustness (Language Identification)
A2: IndicLID on Bhasha-Abhijnaanam, with native Odia transfer evaluation.
A4: Group No. | B4: 4
A5: Task | B5: Romanized / Code-mixed Robustness (Language Identification)
A6: Target result | B6: 80.40% overall accuracy; 76.44 Odia F1 (IndicLID ensemble, paper Tables 4 and 10)
A8: Result | B8: Target | C8: Achieved | D8: Δ | E8: Comparable to target?
A9: Reproduction — published ensemble @0.6, accuracy (%) | B9: 80.4 | C9: ='Track A'!E7 -> 75.25 | D9: =C9-B9 -> -5.15 | E9: Yes
A10: Reproduction — published ensemble @0.6, Odia F1 (%) | B10: 76.44 | C10: ='Track A'!J7 -> 67.719535 | D10: =C10-B10 -> -8.7204651 | E10: Yes
A11: Fine-tuned ensemble, held-out test, accuracy (%) | B11: — | C11: ='Track B'!C30 -> 96.14 | D11: — | E11: No — different experiment
A12: Fine-tuned ensemble, held-out test, macro F1 (%) | B12: — | C12: ='Track B'!D30 -> 96.18 | D12: — | E12: No — different experiment
A13: Fine-tuned ensemble, held-out test, Odia F1 (%) | B13: — | C13: ='Track B'!J30 -> 96.078431 | D13: — | E13: No — different experiment
A14: Native Odia test set | B14: — | C14: Pending | D14: — | E14: —
A16: Sample size | B16: Train | C16: Validation | D16: Test | E16: Total
A17: All 20 languages (romanized) | B17: 44649 | C17: 5581 | D17: 5591 | E17: =SUM(B17:D17) -> 55821
A18: Odia only | B18: 409 | C18: 51 | D18: 52 | E18: =SUM(B18:D18) -> 512
A19: Train after class balancing | B19: 78220
A20: The benchmark ships as a single test set with no official split. We partitioned it ourselves: stratified by language, seed 42, 80/10/10.

Sheet Track A
A1: Track A — Published-model reproduction
A2: Authors' released models, no training. Full romanized benchmark, n = 55,821 sentences, 20 languages. Odia n = 512.
A4: # | B4: Model | C4: Threshold | D4: % sent to BERT | E4: Accuracy (%) | F4: Paper accuracy (%) | G4: Δ accuracy | H4: Odia precision (%) | I4: Odia recall (%) | J4: Odia F1 (%) | K4: Paper Odia F1 (%) | L4: Δ Odia F1
A5: A1 | B5: IndicLID-FTR alone | C5: — | D5: 0 | E5: 70.7 | F5: 71.49 | G5: =E5-F5 -> -0.79 | H5: 46.3 | I5: 96.48 | J5: =2*H5*I5/(H5+I5) -> 62.572125 | K5: 58.26 | L5: =J5-K5 -> 4.3121249
A6: A2 | B6: IndicLID-BERT alone | C6: — | D6: 100 | E6: 79.98 | F6: 80.04 | G6: =E6-F6 -> -0.06 | H6: 57.44 | I6: 95.7 | J6: =2*H6*I6/(H6+I6) -> 71.790623 | K6: 76.71 | L6: =J6-K6 -> -4.919377
A7: A3 | B7: IndicLID ensemble (reported) | C7: 0.6 | D7: 12 | E7: 75.25 | F7: 80.4 | G7: =E7-F7 -> -5.15 | H7: 52.11 | I7: 96.68 | J7: =2*H7*I7/(H7+I7) -> 67.719535 | K7: 76.44 | L7: =J7-K7 -> -8.7204651
A8: Odia F1 is computed from the logged precision and recall. Δ = ours minus paper.
A10: Threshold sweep — diagnostic only, not used for model selection
A11: At 0.6, a perfect BERT on every escalated sentence would cap accuracy at 79.89% — the target is unreachable at the paper's threshold with the released binary.
A12: Threshold | B12: % sent to BERT | C12: Accuracy (%) | D12: Paper accuracy, Table 9 (%) | E12: Δ accuracy | F12: Odia F1 (%)
A13: 0.1 | B13: 0 | C13: 70.7 | D13: 71.49 | E13: =C13-D13 -> -0.79 | F13: 62.57
A14: 0.2 | B14: 0 | C14: 70.7 | D14: 71.77 | E14: =C14-D14 -> -1.07 | F14: 62.57
A15: 0.3 | B15: 0.3 | C15: 70.83 | D15: 73.84 | E15: =C15-D15 -> -3.01 | F15: 62.73
A16: 0.4 | B16: 2.2 | C16: 71.68 | D16: 76.84 | E16: =C16-D16 -> -5.16 | F16: 63.62
A17: 0.5 | B17: 6.1 | C17: 73.28 | D17: 79.15 | E17: =C17-D17 -> -5.87 | F17: 64.44
A18: 0.6 | B18: 12 | C18: 75.25 | D18: 80.4 | E18: =C18-D18 -> -5.15 | F18: 67.72
A19: 0.7 | B19: 18 | C19: 77.09 | D19: 80.93 | E19: =C19-D19 -> -3.84 | F19: 69.08
A20: 0.8 | B20: 24.1 | C20: 78.47 | D20: 80.96 | E20: =C20-D20 -> -2.49 | F20: 69.9
A21: 0.9 | B21: 32 | C21: 79.89 | D21: 80.62 | E21: =C21-D21 -> -0.73 | F21: 71.89

Sheet Track B
A1: Track B — Our fine-tuning experiment
A2: Benchmark partitioned by us (stratified by language, seed 42, 80/10/10). Not comparable to the paper's 80.40 — see Notes.
A4: 1. FastText training runs (selected on validation)
A5: Train 44,649 → balanced to 78,220 · dim 8 · char n-grams 3–6 · wordNgrams 4 · 30 epochs · softmax loss · 1 thread
A6: Run | B6: Seed | C6: Learning rate | D6: Valid macro F1 (%) | E6: Selected
A7: B1 | B7: 42 | C7: 0.5 diverged → 0.3 | D7: 95.8
A8: B2 | B8: 7 | C8: 0.5 | D8: 95.81 | E8: ✓
A9: B3 | B9: 1 | C9: 0.5 | D9: 95.73
C10: Seed spread | D10: =MAX(D7:D9)-MIN(D7:D9) -> 0.08
A12: 2. BERT fine-tuning configuration
A13: Epochs | B13: Max length | C13: Learning rate | D13: Batch size | E13: Training rows | F13: Total steps | G13: Trainable params (M) | H13: Total params (M) | I13: Final training loss
A14: 1 | B14: 128 | C14: 2e-5 | D14: 32 | E14: 78220 | F14: =ROUNDUP(E14/D14,0)*A14 -> 2445 | G14: 7.7 | H14: 278.1 | I14: 0.2279
A15: Only the final encoder layer, pooler and classifier head were trained (paper's unfreeze-layer-1 setting).
A17: 3. Ensemble threshold selection (validation, n = 5,581)
A18: Threshold | B18: % sent to BERT | C18: Valid macro F1 (%) | D18: Selected
A19: 0.6 | B19: 2 | C19: 96.23 | D19: ✓
A20: 0.7 | B20: 3.1 | C20: 96.19
A21: 0.8 | B21: 4.4 | C21: 96.05
A22: 0.9 | B22: 6 | C22: 96.03
A23: 0.95 | B23: 8.1 | C23: 95.84
A24: 0.99 | B24: 14.2 | C24: 95.22
A25: all to BERT | B25: 100 | C25: 93.84
A27: 4. Final results — held-out test (n = 5,591, Odia n = 52)
A28: Model | B28: % sent to BERT | C28: Accuracy (%) | D28: Macro F1 (%) | E28: Odia TP | F28: Odia FP | G28: Odia FN | H28: Odia precision (%) | I28: Odia recall (%) | J28: Odia F1 (%)
A29: Fine-tuned FastText alone | B29: 0 | C29: 95.78 | D29: 95.74 | E29: 50 | F29: 0 | G29: 2 | H29: =IFERROR(E29/(E29+F29)*100,0) -> 100 | I29: =IFERROR(E29/(E29+G29)*100,0) -> 96.153846 | J29: =IFERROR(2*H29*I29/(H29+I29),0) -> 98.039216
A30: Fine-tuned ensemble (reported) | B30: 1.7 | C30: 96.14 | D30: 96.18 | E30: 49 | F30: 1 | G30: 3 | H30: =IFERROR(E30/(E30+F30)*100,0) -> 98 | I30: =IFERROR(E30/(E30+G30)*100,0) -> 94.230769 | J30: =IFERROR(2*H30*I30/(H30+I30),0) -> 96.078431
A31: Odia counts are exact: they reproduce the logged precision and recall (49/50 = 98.00%, 49/52 = 94.23%). With 52 Odia sentences, one sentence moves Odia F1 by roughly 1–2 points.

Sheet Track C
A1: Track C — Native Odia evaluation
A2: Same saved Track B model, same preprocessing, same threshold (0.6). The native set is never used to choose anything.
A4: HOW TO FILL IN: type your Track C results into the yellow cells only (numbers, e.g. 71.25 for 71.25%). Everything else calculates.
A6: Metric | B6: Track B (benchmark test) | C6: Track C (native Odia) | D6: Translationese gap (B − C)
A7: Sentences evaluated | B7: 5591 | D7: —
A8: Accuracy (%) | B8: ='Track B'!C30 -> 96.14 | D8: =IF(C8="","",B8-C8)
A9: Macro F1 (%) | B9: ='Track B'!D30 -> 96.18 | D9: =IF(C9="","",B9-C9)
A10: Odia F1 (%) | B10: ='Track B'!J30 -> 96.078431 | D10: =IF(C10="","",B10-C10)
A12: Before filling in: check the file is romanized (not Odia script) and whether every row is Odia. If all rows are Odia, F1 collapses to recall — say so.

Sheet Notes & Sources
A1: Notes, caveats and sources
A3: Topic | B3: Detail
A4: Why Track B is not compared to 80.40 | B4: The paper trained on machine-transliterated text and tested on human-typed romanization. We trained on 80% of the benchmark and tested on the held-out 10%, so training and test come from the same pool. The paper's own Table 5 shows the same model scoring 95.96% when test data matches its training distribution, versus 80.40% when it does not.
A5: Why Track A falls short at 0.6 | B5: Only 12% of sentences are escalated to BERT (the paper's Table 9 throughputs imply ~30%). With a perfect BERT the ceiling is 79.89%. Components reproduce within a point (FTR 70.70 vs 71.49; BERT 79.98 vs 80.04), isolating the gap to confidence calibration.
A6: Calibration cause — unverified | B6: Consistent with a fasttext library-version difference in confidence computation. Not directly tested: fasttext 0.9.2 does not build on Python 3.12+.
A7: Ruled out | B7: FTR binary byte-identical to HuggingFace and GitHub releases; routing condition matches official code (pred_score > 0.6); script gate blocks 1 of 55,821; BERT label mapping verified by probe.
A8: Label-set asymmetry | B8: The published model outputs 22 labels (incl. English, Other); ours outputs 20. Published FTR predicts eng/other on 3.88% of sentences — errors ours cannot make.
A9: Leakage audit | B9: Zero unique_identifier overlap across splits. 23 of 5,591 test sentences also appear in train — caused by 99 duplicate sentences inside the released dataset, not the split. Oversampling drew from the train split only.
A10: Not recorded | B10: Training times; Track B BERT-alone accuracy; bootstrap confidence intervals for the final model (uncertainty cell not yet run).
A11: Colour key | B11: Blue = typed-in value from our runs or the paper · Black = formula · Green = link to another sheet · Yellow highlight = reported headline result · Bright yellow fill = cell for you to fill in (Track C).
A12: Source — paper | B12: Madhani, Khapra & Kunchukuttan (2023). Bhasha-Abhijnaanam: Native-script and Romanized Language Identification for 22 Indic Languages. ACL 2023 (Short). https://aclanthology.org/2023.acl-short.71/ — Tables 4, 5, 9, 10.
A13: Source — dataset | B13: https://huggingface.co/datasets/ai4bharat/Bhasha-Abhijnaanam
A14: Source — models | B14: https://huggingface.co/ai4bharat/IndicLID-FTR · https://huggingface.co/ai4bharat/IndicLID-BERT
A15: Source — our values | B15: All 'Ours' figures are from our Colab runs (indiclid_ensemble_colab_v2.ipynb).
