Workbook

Sheet Summary
A1: Group 4 — Romanized / Code-mixed Robustness (Language Identification)
A2: IndicLID on Bhasha-Abhijnaanam, with native Odia transfer evaluation. All figures from the final run.
A4: Group No. | B4: 4
A5: Task | B5: Romanized / Code-mixed Robustness (Language Identification)
A6: Target result | B6: 80.40% overall accuracy; 76.44 Odia F1 (IndicLID ensemble, paper Tables 4 and 10)
A8: Result | B8: Target | C8: Achieved | D8: Δ | E8: Comparable to target?
A9: Reproduction — published ensemble @0.6 (paper's threshold), accuracy (%) | B9: 80.4 | C9: ='Track A'!E7 -> 75.25 | D9: =C9-B9 -> -5.15 | E9: Yes
A10: Reproduction — published ensemble @0.6, Odia F1 (%) | B10: 76.44 | C10: ='Track A'!J7 -> 67.719535 | D10: =C10-B10 -> -8.7204651 | E10: Yes
A11: Reproduction — threshold re-selected on validation (0.95), accuracy (%) | B11: 80.4 | C11: ='Track A'!E8 -> 80.463774 | D11: =C11-B11 -> 0.063773885 | E11: Yes
A12: Reproduction — threshold re-selected on validation, Odia F1 (%) | B12: 76.44 | C12: ='Track A'!J8 -> 72.258065 | D12: =C12-B12 -> -4.1819355 | E12: Yes
A13: Fine-tuned ensemble, held-out test, accuracy (%) | B13: — | C13: ='Track B'!C30 -> 96.029333 | D13: — | E13: No — different experiment
A14: Fine-tuned ensemble, held-out test, macro F1 (%) | B14: — | C14: ='Track B'!D30 -> 96.385381 | D14: — | E14: No — different experiment
A15: Fine-tuned ensemble, held-out test, Odia F1 (%) | B15: — | C15: ='Track B'!J30 -> 94.230769 | D15: — | E15: No — different experiment
A16: Native Odia set, accuracy = Odia recall (%) | B16: — | C16: ='Track C'!C8 -> 52.910053 | D16: — | E16: —
A18: Translationese gap (Track B − Track C) | B18: Value | C18: 95% CI low | D18: 95% CI high | E18: Note
A19: Odia recall, like-for-like (PRIMARY) | B19: ='Track C'!D8 -> 41.320716 | C19: ='Track C'!C30 -> 33.36 | D19: ='Track C'!D30 -> 47.81 | E19: Odia vs Odia
A20: Accuracy (brief's definition) | B20: ='Track C'!D9 -> 43.11928 | C20: ='Track C'!C31 -> 39.55 | D20: ='Track C'!D31 -> 46.74 | E20: 20-language vs Odia-only
A21: Odia F1 | B21: ='Track C'!D10 -> 25.026617 | C21: ='Track C'!C32 -> 19.23 | D21: ='Track C'!D32 -> 30.01 | E21: Native precision trivially 100%
A23: Sample size | B23: Train | C23: Validation | D23: Test | E23: Total
A24: All 20 languages (romanized) | B24: 44649 | C24: 5581 | D24: 5591 | E24: =SUM(B24:D24) -> 55821
A25: Odia only | B25: 409 | C25: 51 | D25: 52 | E25: =SUM(B25:D25) -> 512
A26: Train after class balancing | B26: 78220
A27: Native Odia set scored (rejects excluded: 44) | D27: 756
A28: The benchmark ships as a single test set with no official split. We partitioned it ourselves: stratified by language, seed 42, 80/10/10.

Sheet Track A
A1: Track A — Published-model reproduction
A2: Authors' released models, no training. Full romanized benchmark, n = 55,821 sentences, 20 languages. Odia n = 512.
A4: # | B4: Model | C4: Threshold | D4: % sent to BERT | E4: Accuracy (%) | F4: Paper accuracy (%) | G4: Δ accuracy | H4: Odia precision (%) | I4: Odia recall (%) | J4: Odia F1 (%) | K4: Paper Odia F1 (%) | L4: Δ Odia F1
A5: A1 | B5: IndicLID-FTR alone | C5: — | D5: 0 | E5: 70.7 | F5: 71.49 | G5: =E5-F5 -> -0.79 | H5: 46.3 | I5: 96.48 | J5: =2*H5*I5/(H5+I5) -> 62.572125 | K5: 58.26 | L5: =J5-K5 -> 4.3121249
A6: A2 | B6: IndicLID-BERT alone | C6: — | D6: 100 | E6: 79.98 | F6: 80.04 | G6: =E6-F6 -> -0.06 | H6: 57.44 | I6: 95.7 | J6: =2*H6*I6/(H6+I6) -> 71.790623 | K6: 76.71 | L6: =J6-K6 -> -4.919377
A7: A3 | B7: IndicLID ensemble @0.6 (paper's threshold) | C7: 0.6 | D7: 12 | E7: 75.25 | F7: 80.4 | G7: =E7-F7 -> -5.15 | H7: 52.11 | I7: 96.68 | J7: =2*H7*I7/(H7+I7) -> 67.719535 | K7: 76.44 | L7: =J7-K7 -> -8.7204651
A8: A4 | B8: IndicLID ensemble, threshold selected on validation | C8: 0.95 | D8: — | E8: 80.463774 | F8: 80.4 | G8: =E8-F8 -> 0.063773885 | H8: 57.509628 | I8: 97.180043 | J8: =2*H8*I8/(H8+I8) -> 72.258065 | K8: 76.44 | L8: =J8-K8 -> -4.1819355
A9: Odia F1 is computed from the logged precision and recall. Δ = ours minus paper. Rows A3 and A4 are both reported: A3 is the faithful setting, A4 re-selects the threshold on held-out data.
A10: Threshold sweep — diagnostic only, not used for model selection
A11: At 0.6, a perfect BERT on every escalated sentence would cap accuracy at 79.89% — the target is unreachable at the paper's threshold with the released binary.
A12: Threshold | B12: % sent to BERT | C12: Accuracy (%) | D12: Paper accuracy, Table 9 (%) | E12: Δ accuracy | F12: Odia F1 (%)
A13: 0.1 | B13: 0 | C13: 70.7 | D13: 71.49 | E13: =C13-D13 -> -0.79 | F13: 62.57
A14: 0.2 | B14: 0 | C14: 70.7 | D14: 71.77 | E14: =C14-D14 -> -1.07 | F14: 62.57
A15: 0.3 | B15: 0.3 | C15: 70.83 | D15: 73.84 | E15: =C15-D15 -> -3.01 | F15: 62.73
A16: 0.4 | B16: 2.2 | C16: 71.68 | D16: 76.84 | E16: =C16-D16 -> -5.16 | F16: 63.62
A17: 0.5 | B17: 6.1 | C17: 73.28 | D17: 79.15 | E17: =C17-D17 -> -5.87 | F17: 64.44
A18: 0.6 | B18: 12 | C18: 75.25 | D18: 80.4 | E18: =C18-D18 -> -5.15 | F18: 67.72
A19: 0.7 | B19: 18 | C19: 77.09 | D19: 80.93 | E19: =C19-D19 -> -3.84 | F19: 69.08
A20: 0.8 | B20: 24.1 | C20: 78.47 | D20: 80.96 | E20: =C20-D20 -> -2.49 | F20: 69.9
A21: 0.9 | B21: 32 | C21: 79.89 | D21: 80.62 | E21: =C21-D21 -> -0.73 | F21: 71.89

Sheet Track B
A1: Track B — Our fine-tuning experiment
A2: Benchmark partitioned by us (stratified by language, seed 42, 80/10/10). Not comparable to the paper's 80.40 — see Notes.
A4: 1. FastText training runs (selected on validation)
A5: Train 44,649 → balanced to 78,220 · dim 8 · char n-grams 3–6 · wordNgrams 4 · 30 epochs · softmax loss · 1 thread
A6: Run | B6: Seed | C6: Learning rate | D6: Valid macro F1 (%) | E6: Selected
A7: B1 | B7: 42 | C7: 0.5 diverged → 0.3 | D7: 95.8
A8: B2 | B8: 7 | C8: 0.5 | D8: 95.81 | E8: ✓
A9: B3 | B9: 1 | C9: 0.5 | D9: 95.73
C10: Seed spread | D10: =MAX(D7:D9)-MIN(D7:D9) -> 0.08
A12: 2. BERT fine-tuning configuration
A13: Epochs | B13: Max length | C13: Learning rate | D13: Batch size | E13: Training rows | F13: Total steps | G13: Trainable params (M) | H13: Total params (M) | I13: Final training loss
A14: 1 | B14: 128 | C14: 2e-5 | D14: 32 | E14: 78220 | F14: =ROUNDUP(E14/D14,0)*A14 -> 2445 | G14: 7.7 | H14: 278.1 | I14: —
A15: Only the final encoder layer, pooler and classifier head were trained (paper's unfreeze-layer-1 setting).
A17: 3. Ensemble threshold selection (validation, n = 5,581)
A18: Threshold | B18: % sent to BERT | C18: Valid macro F1 (%) | D18: Selected
A19: 0.6 | B19: — | C19: —
A20: 0.7 | B20: — | C20: —
A21: 0.8 | B21: — | C21: —
A22: 0.9 | B22: — | C22: — | D22: ✓
A23: 0.95 | B23: — | C23: —
A24: 0.99 | B24: — | C24: —
A25: all to BERT | B25: — | C25: —
A26: Final run selected 0.9. Per-threshold validation scores were not saved to metrics_all.json — copy them from the Track B cell output in Colab if you want this table filled.
A27: 4. Final results — held-out test (n = 5,591, Odia n = 52)
A28: Model | B28: % sent to BERT | C28: Accuracy (%) | D28: Macro F1 (%) | E28: Odia TP | F28: Odia FP | G28: Odia FN | H28: Odia precision (%) | I28: Odia recall (%) | J28: Odia F1 (%)
A29: Fine-tuned FastText alone | B29: 0 | C29: 95.78 | D29: 95.74 | E29: 50 | F29: 0 | G29: 2 | H29: =IFERROR(E29/(E29+F29)*100,0) -> 100 | I29: =IFERROR(E29/(E29+G29)*100,0) -> 96.153846 | J29: =IFERROR(2*H29*I29/(H29+I29),0) -> 98.039216
A30: Fine-tuned ensemble @0.9 (reported) | B30: — | C30: 96.029333 | D30: 96.385381 | E30: 49 | F30: 3 | G30: 3 | H30: =IFERROR(E30/(E30+F30)*100,0) -> 94.230769 | I30: =IFERROR(E30/(E30+G30)*100,0) -> 94.230769 | J30: =IFERROR(2*H30*I30/(H30+I30),0) -> 94.230769
A31: Odia counts verified from predictions_benchmark_test.jsonl: ensemble 49/3/3 (94.23% precision and recall); FastText alone 50/0/2. One sentence moves Odia F1 ~1–2 points.

Sheet Track C
A1: Track C — Native Odia evaluation
A2: Same saved Track B models, same preprocessing, same validation-selected threshold. The native set is never used to choose anything.
A4: HOW TO FILL IN: after running the Track C cell in Colab, type its Odia recall into the yellow cell only (e.g. 44.71 for 44.71%). Everything else calculates.
A6: Metric | B6: Track B (benchmark test) | C6: Track C (native Odia) | D6: Translationese gap (B − C) | E6: How to read the gap
A7: Sentences scored | B7: 5591 | C7: 756 | D7: —
A8: Odia recall (%) | B8: ='Track B'!I30 -> 94.230769 | C8: 52.910053 | D8: =IF(C8="","",B8-C8) -> 41.320716 | E8: PRIMARY — like-for-like: Odia recall vs Odia recall
A9: Accuracy (%) | B9: ='Track B'!C30 -> 96.029333 | C9: =IF(C8="","",C8) -> 52.910053 | D9: =IF(C9="","",B9-C9) -> 43.11928 | E9: Brief's definition. B is 20-language accuracy, C is Odia-only — different quantities
A10: Odia F1 (%) | B10: ='Track B'!J30 -> 94.230769 | C10: =IF(C8="","",2*C8/(100+C8)*100) -> 69.204152 | D10: =IF(C10="","",B10-C10) -> 25.026617 | E10: Native precision is trivially 100% (no non-Odia rows), so F1 = 2R/(1+R). Not comparable to benchmark F1
A12: Every scored row is Odia, so the model cannot make a false positive: accuracy = Odia recall, and macro F1 is undefined (not reported).
A13: 107 of the 756 scored rows are 'mixed' (contain Odia script). The Track B pipeline is roman-only — report the roman and mixed slices separately.
A14: All 800 rows were labelled by a single annotator — no inter-annotator check.
A16: Breakdown — final run (n = 756)
A17: Slice | B17: Rows | C17: Predicted Odia | D17: Accuracy (%) | E17: Reading
A18: All scored rows | B18: 756 | C18: 400 | D18: =C18/B18*100 -> 52.910053
A19: Romanized | B19: 649 | C19: 372 | D19: =C19/B19*100 -> 57.318952
A20: Mixed script | B20: 107 | C20: 28 | D20: =C20/B20*100 -> 26.168224 | E20: Track B model has only seen Latin text
A21: Under 5 words | B21: 177 | C21: 41 | D21: =C21/B21*100 -> 23.163842 | E21: Short inputs are hardest — matches paper Fig. 3
A22: 5–9 words | B22: 301 | C22: 169 | D22: =C22/B22*100 -> 56.146179
A23: 10+ words | B23: 278 | C23: 190 | D23: =C23/B23*100 -> 68.345324
A24: Handled by FastText | B24: 355 | C24: 202 | D24: =C24/B24*100 -> 56.901408
A25: Handled by BERT | B25: 401 | C25: 198 | D25: =C25/B25*100 -> 49.376559 | E25: Lower because BERT receives the low-confidence, harder rows — a selection effect, not evidence BERT is worse
A28: Translationese gap with 95% bootstrap confidence intervals
A29: Gap | B29: Point estimate | C29: 95% CI low | D29: 95% CI high | E29: Source of interval
A30: Odia recall, like-for-like (PRIMARY) | B30: =D8 -> 41.320716 | C30: 33.36 | D30: 47.81 | E30: Computed from both predictions files, 5,000 resamples
A31: Accuracy (brief's definition) | B31: =D9 -> 43.11928 | C31: 39.55 | D31: 46.74 | E31: metrics_all.json, translationese_gap_ci
A32: Odia F1 | B32: =D10 -> 25.026617 | C32: 19.23 | D32: 30.01 | E32: metrics_all.json, translationese_gap_ci
A34: No resample of the like-for-like gap came anywhere near zero: the drop is real, not noise, despite the benchmark side resting on only 52 Odia sentences.

Sheet Notes & Sources
A1: Notes, caveats and sources
A3: Topic | B3: Detail
A4: Why Track B is not compared to 80.40 | B4: The paper trained on machine-transliterated text and tested on human-typed romanization. We trained on 80% of the benchmark and tested on the held-out 10%, so training and test come from the same pool. The paper's own Table 5 shows the same model scoring 95.96% when test data matches its training distribution, versus 80.40% when it does not.
A5: Why Track A falls short at 0.6 | B5: Only 12% of sentences are escalated to BERT (the paper's Table 9 throughputs imply ~30%). With a perfect BERT the ceiling is 79.89%. Components reproduce within a point (FTR 70.70 vs 71.49; BERT 79.98 vs 80.04), isolating the gap to confidence calibration.
A6: Calibration cause — unverified | B6: Consistent with a fasttext library-version difference in confidence computation. Not directly tested: fasttext 0.9.2 does not build on Python 3.12+.
A7: Ruled out | B7: FTR binary byte-identical to HuggingFace and GitHub releases; routing condition matches official code (pred_score > 0.6); script gate blocks 1 of 55,821; BERT label mapping verified by probe.
A8: Label-set asymmetry | B8: The published model outputs 22 labels (incl. English, Other); ours outputs 20. Published FTR predicts eng/other on 3.88% of sentences — errors ours cannot make.
A9: Leakage audit | B9: Zero unique_identifier overlap across splits. 23 of 5,591 test sentences also appear in train — caused by 99 duplicate sentences inside the released dataset, not the split. Oversampling drew from the train split only.
A10: Not recorded | B10: Training times; Track B BERT-alone accuracy; the final run's BERT training loss, per-threshold validation scores and Track B escalation rate.
A11: Colour key | B11: Blue = typed-in value from our runs or the paper · Black = formula · Green = link to another sheet · Yellow highlight = reported headline result · Bright yellow fill = cell for you to fill in (Track C).
A12: Source — paper | B12: Madhani, Khapra & Kunchukuttan (2023). Bhasha-Abhijnaanam: Native-script and Romanized Language Identification for 22 Indic Languages. ACL 2023 (Short). https://aclanthology.org/2023.acl-short.71/ — Tables 4, 5, 9, 10.
A13: Source — dataset | B13: https://huggingface.co/datasets/ai4bharat/Bhasha-Abhijnaanam
A14: Source — models | B14: https://huggingface.co/ai4bharat/IndicLID-FTR · https://huggingface.co/ai4bharat/IndicLID-BERT
... A20: Verification | B20: Every Track B and Track C figure was recomputed independently from the uploaded prediction files and matched exactly. The uploaded FastText model reproduces 95.81 valid macro F1 and 95.78 test accuracy, and its test-split IDs match the predictions file.
